Data,Indicador,Valor
01/01/2025,IPCA,"0,36"
01/02/2025,IPCA,"0,47"
01/03/2025,IPCA,"0,21"
01/04/2025,IPCA,"0,39"
01/05/2025,IPCA,"-0,17"
01/06/2025,IPCA,"0,15"
01/07/2025,IPCA,"-0,14"
01/08/2025,IPCA,"-0,25"
01/09/2025,IPCA,"-0,14"
01/10/2025,IPCA,"-0,42"
01/11/2025,IPCA,"-0,43"
01/12/2025,IPCA,"0,46"
01/01/2026,IPCA,"0,72"
01/02/2026,IPCA,"0,25"
01/03/2026,IPCA,"0,21"
01/01/2025,IGP-M,"0,27"
01/02/2025,IGP-M,"1,06"
01/03/2025,IGP-M,"-0,34"
01/04/2025,IGP-M,"0,24"
01/05/2025,IGP-M,"-0,49"
01/06/2025,IGP-M,"-1,67"
01/07/2025,IGP-M,"-0,77"
01/08/2025,IGP-M,"0,36"
01/09/2025,IGP-M,"0,42"
01/10/2025,IGP-M,"-0,36"
01/11/2025,IGP-M,"0,27"
01/12/2025,IGP-M,"-0,01"
01/01/2026,IGP-M,"0,41"
01/02/2026,IGP-M,"-0,73"
01/03/2026,IGP-M,"0,52"
02/01/2025,USD/BRL,"6,2086"
03/01/2025,USD/BRL,"6,1563"
06/01/2025,USD/BRL,"6,1119"
07/01/2025,USD/BRL,"6,0741"
08/01/2025,USD/BRL,"6,1321"
09/01/2025,USD/BRL,"6,0896"
10/01/2025,USD/BRL,"6,0965"
13/01/2025,USD/BRL,"6,1079"
14/01/2025,USD/BRL,"6,0671"
15/01/2025,USD/BRL,"6,0377"
16/01/2025,USD/BRL,"6,0322"
17/01/2025,USD/BRL,"6,0609"
20/01/2025,USD/BRL,"6,0498"
21/01/2025,USD/BRL,"6,044"
22/01/2025,USD/BRL,"5,9674"
23/01/2025,USD/BRL,"5,9399"
24/01/2025,USD/BRL,"5,8925"
27/01/2025,USD/BRL,"5,9272"
28/01/2025,USD/BRL,"5,893"
29/01/2025,USD/BRL,"5,8596"
30/01/2025,USD/BRL,"5,9006"
31/01/2025,USD/BRL,"5,8301"
03/02/2025,USD/BRL,"5,8687"
04/02/2025,USD/BRL,"5,7927"
05/02/2025,USD/BRL,"5,7997"
06/02/2025,USD/BRL,"5,7856"
07/02/2025,USD/BRL,"5,7557"
10/02/2025,USD/BRL,"5,7808"
11/02/2025,USD/BRL,"5,7788"
12/02/2025,USD/BRL,"5,7711"
13/02/2025,USD/BRL,"5,7788"
14/02/2025,USD/BRL,"5,7283"
17/02/2025,USD/BRL,"5,7105"
18/02/2025,USD/BRL,"5,6979"
19/02/2025,USD/BRL,"5,7087"
20/02/2025,USD/BRL,"5,7019"
21/02/2025,USD/BRL,"5,7027"
24/02/2025,USD/BRL,"5,7258"
25/02/2025,USD/BRL,"5,7779"
26/02/2025,USD/BRL,"5,7757"
27/02/2025,USD/BRL,"5,8228"
28/02/2025,USD/BRL,"5,8488"
05/03/2025,USD/BRL,"5,7914"
06/03/2025,USD/BRL,"5,7489"
07/03/2025,USD/BRL,"5,7688"
10/03/2025,USD/BRL,"5,793"
11/03/2025,USD/BRL,"5,8346"
12/03/2025,USD/BRL,"5,8268"
13/03/2025,USD/BRL,"5,8131"
14/03/2025,USD/BRL,"5,7419"
17/03/2025,USD/BRL,"5,7082"
18/03/2025,USD/BRL,"5,6852"
19/03/2025,USD/BRL,"5,6657"
20/03/2025,USD/BRL,"5,6628"
21/03/2025,USD/BRL,"5,7241"
24/03/2025,USD/BRL,"5,7403"
25/03/2025,USD/BRL,"5,6992"
26/03/2025,USD/BRL,"5,7298"
27/03/2025,USD/BRL,"5,7474"
28/03/2025,USD/BRL,"5,766"
31/03/2025,USD/BRL,"5,7422"
01/04/2025,USD/BRL,"5,7051"
02/04/2025,USD/BRL,"5,6923"
03/04/2025,USD/BRL,"5,6067"
04/04/2025,USD/BRL,"5,7777"
07/04/2025,USD/BRL,"5,8877"
08/04/2025,USD/BRL,"5,9368"
09/04/2025,USD/BRL,"6,0605"
10/04/2025,USD/BRL,"5,9115"
11/04/2025,USD/BRL,"5,8737"
14/04/2025,USD/BRL,"5,8425"
15/04/2025,USD/BRL,"5,8707"
16/04/2025,USD/BRL,"5,8808"
17/04/2025,USD/BRL,"5,8559"
22/04/2025,USD/BRL,"5,7496"
23/04/2025,USD/BRL,"5,688"
24/04/2025,USD/BRL,"5,6738"
25/04/2025,USD/BRL,"5,6846"
28/04/2025,USD/BRL,"5,6681"
29/04/2025,USD/BRL,"5,6467"
30/04/2025,USD/BRL,"5,6608"
02/05/2025,USD/BRL,"5,6394"
05/05/2025,USD/BRL,"5,652"
06/05/2025,USD/BRL,"5,721"
07/05/2025,USD/BRL,"5,7375"
08/05/2025,USD/BRL,"5,686"
09/05/2025,USD/BRL,"5,6511"
12/05/2025,USD/BRL,"5,6822"
13/05/2025,USD/BRL,"5,6262"
14/05/2025,USD/BRL,"5,61"
15/05/2025,USD/BRL,"5,6328"
16/05/2025,USD/BRL,"5,6925"
19/05/2025,USD/BRL,"5,6591"
20/05/2025,USD/BRL,"5,662"
21/05/2025,USD/BRL,"5,6571"
22/05/2025,USD/BRL,"5,639"
23/05/2025,USD/BRL,"5,6932"
26/05/2025,USD/BRL,"5,6619"
27/05/2025,USD/BRL,"5,6539"
28/05/2025,USD/BRL,"5,6936"
29/05/2025,USD/BRL,"5,6559"
30/05/2025,USD/BRL,"5,7087"
02/06/2025,USD/BRL,"5,6937"
03/06/2025,USD/BRL,"5,6694"
04/06/2025,USD/BRL,"5,6332"
05/06/2025,USD/BRL,"5,5969"
06/06/2025,USD/BRL,"5,5947"
09/06/2025,USD/BRL,"5,576"
10/06/2025,USD/BRL,"5,5557"
11/06/2025,USD/BRL,"5,539"
12/06/2025,USD/BRL,"5,5388"
13/06/2025,USD/BRL,"5,5652"
16/06/2025,USD/BRL,"5,5123"
17/06/2025,USD/BRL,"5,4773"
18/06/2025,USD/BRL,"5,4879"
20/06/2025,USD/BRL,"5,4957"
23/06/2025,USD/BRL,"5,5213"
24/06/2025,USD/BRL,"5,4938"
25/06/2025,USD/BRL,"5,5427"
26/06/2025,USD/BRL,"5,5145"
27/06/2025,USD/BRL,"5,4759"
30/06/2025,USD/BRL,"5,4571"
01/07/2025,USD/BRL,"5,4511"
02/07/2025,USD/BRL,"5,4512"
03/07/2025,USD/BRL,"5,4208"
04/07/2025,USD/BRL,"5,409"
07/07/2025,USD/BRL,"5,4552"
08/07/2025,USD/BRL,"5,4571"
09/07/2025,USD/BRL,"5,4626"
10/07/2025,USD/BRL,"5,5433"
11/07/2025,USD/BRL,"5,5722"
14/07/2025,USD/BRL,"5,5595"
15/07/2025,USD/BRL,"5,5576"
16/07/2025,USD/BRL,"5,5722"
17/07/2025,USD/BRL,"5,5737"
18/07/2025,USD/BRL,"5,5466"
21/07/2025,USD/BRL,"5,5625"
22/07/2025,USD/BRL,"5,5709"
23/07/2025,USD/BRL,"5,5537"
24/07/2025,USD/BRL,"5,5239"
25/07/2025,USD/BRL,"5,5426"
28/07/2025,USD/BRL,"5,5877"
29/07/2025,USD/BRL,"5,5764"
30/07/2025,USD/BRL,"5,6034"
31/07/2025,USD/BRL,"5,6021"
01/08/2025,USD/BRL,"5,5436"
04/08/2025,USD/BRL,"5,5113"
05/08/2025,USD/BRL,"5,5119"
06/08/2025,USD/BRL,"5,4802"
07/08/2025,USD/BRL,"5,4638"
08/08/2025,USD/BRL,"5,4254"
11/08/2025,USD/BRL,"5,4473"
12/08/2025,USD/BRL,"5,4052"
13/08/2025,USD/BRL,"5,3928"
14/08/2025,USD/BRL,"5,4095"
15/08/2025,USD/BRL,"5,3928"
18/08/2025,USD/BRL,"5,4155"
19/08/2025,USD/BRL,"5,4716"
20/08/2025,USD/BRL,"5,4726"
21/08/2025,USD/BRL,"5,4828"
22/08/2025,USD/BRL,"5,4392"
25/08/2025,USD/BRL,"5,4174"
26/08/2025,USD/BRL,"5,4218"
27/08/2025,USD/BRL,"5,4428"
28/08/2025,USD/BRL,"5,4115"
29/08/2025,USD/BRL,"5,4264"
01/09/2025,USD/BRL,"5,4378"
02/09/2025,USD/BRL,"5,468"
03/09/2025,USD/BRL,"5,4485"
04/09/2025,USD/BRL,"5,4587"
05/09/2025,USD/BRL,"5,3968"
08/09/2025,USD/BRL,"5,4278"
09/09/2025,USD/BRL,"5,4278"
10/09/2025,USD/BRL,"5,4123"
11/09/2025,USD/BRL,"5,3858"
12/09/2025,USD/BRL,"5,3677"
15/09/2025,USD/BRL,"5,3208"
16/09/2025,USD/BRL,"5,3096"
17/09/2025,USD/BRL,"5,3011"
18/09/2025,USD/BRL,"5,301"
19/09/2025,USD/BRL,"5,3276"
22/09/2025,USD/BRL,"5,3457"
23/09/2025,USD/BRL,"5,3063"
24/09/2025,USD/BRL,"5,3112"
25/09/2025,USD/BRL,"5,3425"
26/09/2025,USD/BRL,"5,3445"
29/09/2025,USD/BRL,"5,3229"
30/09/2025,USD/BRL,"5,3186"
01/10/2025,USD/BRL,"5,3208"
02/10/2025,USD/BRL,"5,3449"
03/10/2025,USD/BRL,"5,3498"
06/10/2025,USD/BRL,"5,3226"
07/10/2025,USD/BRL,"5,3363"
08/10/2025,USD/BRL,"5,3427"
09/10/2025,USD/BRL,"5,3538"
10/10/2025,USD/BRL,"5,4446"
13/10/2025,USD/BRL,"5,4629"
14/10/2025,USD/BRL,"5,4982"
15/10/2025,USD/BRL,"5,4464"
16/10/2025,USD/BRL,"5,4354"
17/10/2025,USD/BRL,"5,439"
20/10/2025,USD/BRL,"5,3771"
21/10/2025,USD/BRL,"5,3848"
22/10/2025,USD/BRL,"5,3898"
23/10/2025,USD/BRL,"5,384"
24/10/2025,USD/BRL,"5,3797"
27/10/2025,USD/BRL,"5,3744"
28/10/2025,USD/BRL,"5,369"
29/10/2025,USD/BRL,"5,3416"
30/10/2025,USD/BRL,"5,385"
31/10/2025,USD/BRL,"5,3843"
03/11/2025,USD/BRL,"5,3505"
04/11/2025,USD/BRL,"5,3846"
05/11/2025,USD/BRL,"5,3798"
06/11/2025,USD/BRL,"5,3451"
07/11/2025,USD/BRL,"5,3567"
10/11/2025,USD/BRL,"5,3181"
11/11/2025,USD/BRL,"5,2729"
12/11/2025,USD/BRL,"5,2885"
13/11/2025,USD/BRL,"5,282"
14/11/2025,USD/BRL,"5,2952"
17/11/2025,USD/BRL,"5,3108"
18/11/2025,USD/BRL,"5,3361"
19/11/2025,USD/BRL,"5,3346"
21/11/2025,USD/BRL,"5,3902"
24/11/2025,USD/BRL,"5,3948"
25/11/2025,USD/BRL,"5,3841"
26/11/2025,USD/BRL,"5,3694"
27/11/2025,USD/BRL,"5,349"
28/11/2025,USD/BRL,"5,3338"
01/12/2025,USD/BRL,"5,3469"
02/12/2025,USD/BRL,"5,3465"
03/12/2025,USD/BRL,"5,3114"
04/12/2025,USD/BRL,"5,2952"
05/12/2025,USD/BRL,"5,3405"
08/12/2025,USD/BRL,"5,4249"
09/12/2025,USD/BRL,"5,457"
10/12/2025,USD/BRL,"5,4656"
11/12/2025,USD/BRL,"5,4237"
12/12/2025,USD/BRL,"5,4011"
15/12/2025,USD/BRL,"5,3929"
16/12/2025,USD/BRL,"5,4505"
17/12/2025,USD/BRL,"5,5093"
18/12/2025,USD/BRL,"5,5283"
19/12/2025,USD/BRL,"5,516"
22/12/2025,USD/BRL,"5,5389"
23/12/2025,USD/BRL,"5,5643"
24/12/2025,USD/BRL,"5,535"
26/12/2025,USD/BRL,"5,5413"
29/12/2025,USD/BRL,"5,5739"
30/12/2025,USD/BRL,"5,5024"
31/12/2025,USD/BRL,"5,5024"
02/01/2026,USD/BRL,"5,4372"
05/01/2026,USD/BRL,"5,4351"
06/01/2026,USD/BRL,"5,3797"
07/01/2026,USD/BRL,"5,388"
08/01/2026,USD/BRL,"5,386"
09/01/2026,USD/BRL,"5,3707"
12/01/2026,USD/BRL,"5,376"
13/01/2026,USD/BRL,"5,3764"
14/01/2026,USD/BRL,"5,3795"
15/01/2026,USD/BRL,"5,3846"
16/01/2026,USD/BRL,"5,3798"
19/01/2026,USD/BRL,"5,3653"
20/01/2026,USD/BRL,"5,379"
21/01/2026,USD/BRL,"5,3368"
22/01/2026,USD/BRL,"5,3118"
23/01/2026,USD/BRL,"5,2879"
26/01/2026,USD/BRL,"5,276"
27/01/2026,USD/BRL,"5,2392"
28/01/2026,USD/BRL,"5,1838"
29/01/2026,USD/BRL,"5,1956"
30/01/2026,USD/BRL,"5,2301"
02/02/2026,USD/BRL,"5,2587"
03/02/2026,USD/BRL,"5,2236"
04/02/2026,USD/BRL,"5,2359"
05/02/2026,USD/BRL,"5,258"
06/02/2026,USD/BRL,"5,2341"
09/02/2026,USD/BRL,"5,1943"
10/02/2026,USD/BRL,"5,2021"
11/02/2026,USD/BRL,"5,1836"
12/02/2026,USD/BRL,"5,1674"
13/02/2026,USD/BRL,"5,2288"
18/02/2026,USD/BRL,"5,2349"
19/02/2026,USD/BRL,"5,2257"
20/02/2026,USD/BRL,"5,2006"
23/02/2026,USD/BRL,"5,1635"
24/02/2026,USD/BRL,"5,1682"
25/02/2026,USD/BRL,"5,144"
26/02/2026,USD/BRL,"5,1382"
27/02/2026,USD/BRL,"5,1495"
02/03/2026,USD/BRL,"5,2001"
03/03/2026,USD/BRL,"5,287"
04/03/2026,USD/BRL,"5,2091"
05/03/2026,USD/BRL,"5,2447"
06/03/2026,USD/BRL,"5,2878"
09/03/2026,USD/BRL,"5,2139"
10/03/2026,USD/BRL,"5,1622"
11/03/2026,USD/BRL,"5,1596"
12/03/2026,USD/BRL,"5,2051"
13/03/2026,USD/BRL,"5,2541"
16/03/2026,USD/BRL,"5,2647"
17/03/2026,USD/BRL,"5,2022"
18/03/2026,USD/BRL,"5,2112"
19/03/2026,USD/BRL,"5,2587"
20/03/2026,USD/BRL,"5,28"
23/03/2026,USD/BRL,"5,244"
24/03/2026,USD/BRL,"5,2599"
25/03/2026,USD/BRL,"5,2275"
26/03/2026,USD/BRL,"5,2308"
27/03/2026,USD/BRL,"5,2376"
30/03/2026,USD/BRL,"5,2353"
31/03/2026,USD/BRL,"5,2194"
01/04/2026,USD/BRL,"5,1606"
02/04/2026,USD/BRL,"5,1655"
06/04/2026,USD/BRL,"5,1532"
07/04/2026,USD/BRL,"5,1625"
08/04/2026,USD/BRL,"5,0899"
09/04/2026,USD/BRL,"5,0821"
10/04/2026,USD/BRL,"5,0229"
13/04/2026,USD/BRL,"5,0244"
14/04/2026,USD/BRL,"4,9806"
15/04/2026,USD/BRL,"4,9928"
16/04/2026,USD/BRL,"5,0007"
17/04/2026,USD/BRL,"4,9695"
20/04/2026,USD/BRL,"4,9844"
22/04/2026,USD/BRL,"4,9653"
01/01/2025,IPCA,"0,36"
01/02/2025,IPCA,"0,47"
01/03/2025,IPCA,"0,21"
01/04/2025,IPCA,"0,39"
01/05/2025,IPCA,"-0,17"
01/06/2025,IPCA,"0,15"
01/07/2025,IPCA,"-0,14"
01/08/2025,IPCA,"-0,25"
01/09/2025,IPCA,"-0,14"
01/10/2025,IPCA,"-0,42"
01/11/2025,IPCA,"-0,43"
01/12/2025,IPCA,"0,46"
01/01/2026,IPCA,"0,72"
01/02/2026,IPCA,"0,25"
01/03/2026,IPCA,"0,21"
01/01/2025,IGP-M,"0,27"
01/02/2025,IGP-M,"1,06"
01/03/2025,IGP-M,"-0,34"
01/04/2025,IGP-M,"0,24"
01/05/2025,IGP-M,"-0,49"
01/06/2025,IGP-M,"-1,67"
01/07/2025,IGP-M,"-0,77"
01/08/2025,IGP-M,"0,36"
01/09/2025,IGP-M,"0,42"
01/10/2025,IGP-M,"-0,36"
01/11/2025,IGP-M,"0,27"
01/12/2025,IGP-M,"-0,01"
01/01/2026,IGP-M,"0,41"
01/02/2026,IGP-M,"-0,73"
01/03/2026,IGP-M,"0,52"
02/01/2025,USD/BRL,"6,2086"
03/01/2025,USD/BRL,"6,1563"
06/01/2025,USD/BRL,"6,1119"
07/01/2025,USD/BRL,"6,0741"
08/01/2025,USD/BRL,"6,1321"
09/01/2025,USD/BRL,"6,0896"
10/01/2025,USD/BRL,"6,0965"
13/01/2025,USD/BRL,"6,1079"
14/01/2025,USD/BRL,"6,0671"
15/01/2025,USD/BRL,"6,0377"
16/01/2025,USD/BRL,"6,0322"
17/01/2025,USD/BRL,"6,0609"
20/01/2025,USD/BRL,"6,0498"
21/01/2025,USD/BRL,"6,044"
22/01/2025,USD/BRL,"5,9674"
23/01/2025,USD/BRL,"5,9399"
24/01/2025,USD/BRL,"5,8925"
27/01/2025,USD/BRL,"5,9272"
28/01/2025,USD/BRL,"5,893"
29/01/2025,USD/BRL,"5,8596"
30/01/2025,USD/BRL,"5,9006"
31/01/2025,USD/BRL,"5,8301"
03/02/2025,USD/BRL,"5,8687"
04/02/2025,USD/BRL,"5,7927"
05/02/2025,USD/BRL,"5,7997"
06/02/2025,USD/BRL,"5,7856"
07/02/2025,USD/BRL,"5,7557"
10/02/2025,USD/BRL,"5,7808"
11/02/2025,USD/BRL,"5,7788"
12/02/2025,USD/BRL,"5,7711"
13/02/2025,USD/BRL,"5,7788"
14/02/2025,USD/BRL,"5,7283"
17/02/2025,USD/BRL,"5,7105"
18/02/2025,USD/BRL,"5,6979"
19/02/2025,USD/BRL,"5,7087"
20/02/2025,USD/BRL,"5,7019"
21/02/2025,USD/BRL,"5,7027"
24/02/2025,USD/BRL,"5,7258"
25/02/2025,USD/BRL,"5,7779"
26/02/2025,USD/BRL,"5,7757"
27/02/2025,USD/BRL,"5,8228"
28/02/2025,USD/BRL,"5,8488"
05/03/2025,USD/BRL,"5,7914"
06/03/2025,USD/BRL,"5,7489"
07/03/2025,USD/BRL,"5,7688"
10/03/2025,USD/BRL,"5,793"
11/03/2025,USD/BRL,"5,8346"
12/03/2025,USD/BRL,"5,8268"
13/03/2025,USD/BRL,"5,8131"
14/03/2025,USD/BRL,"5,7419"
17/03/2025,USD/BRL,"5,7082"
18/03/2025,USD/BRL,"5,6852"
19/03/2025,USD/BRL,"5,6657"
20/03/2025,USD/BRL,"5,6628"
21/03/2025,USD/BRL,"5,7241"
24/03/2025,USD/BRL,"5,7403"
25/03/2025,USD/BRL,"5,6992"
26/03/2025,USD/BRL,"5,7298"
27/03/2025,USD/BRL,"5,7474"
28/03/2025,USD/BRL,"5,766"
31/03/2025,USD/BRL,"5,7422"
01/04/2025,USD/BRL,"5,7051"
02/04/2025,USD/BRL,"5,6923"
03/04/2025,USD/BRL,"5,6067"
04/04/2025,USD/BRL,"5,7777"
07/04/2025,USD/BRL,"5,8877"
08/04/2025,USD/BRL,"5,9368"
09/04/2025,USD/BRL,"6,0605"
10/04/2025,USD/BRL,"5,9115"
11/04/2025,USD/BRL,"5,8737"
14/04/2025,USD/BRL,"5,8425"
15/04/2025,USD/BRL,"5,8707"
16/04/2025,USD/BRL,"5,8808"
17/04/2025,USD/BRL,"5,8559"
22/04/2025,USD/BRL,"5,7496"
23/04/2025,USD/BRL,"5,688"
24/04/2025,USD/BRL,"5,6738"
25/04/2025,USD/BRL,"5,6846"
28/04/2025,USD/BRL,"5,6681"
29/04/2025,USD/BRL,"5,6467"
30/04/2025,USD/BRL,"5,6608"
02/05/2025,USD/BRL,"5,6394"
05/05/2025,USD/BRL,"5,652"
06/05/2025,USD/BRL,"5,721"
07/05/2025,USD/BRL,"5,7375"
08/05/2025,USD/BRL,"5,686"
09/05/2025,USD/BRL,"5,6511"
12/05/2025,USD/BRL,"5,6822"
13/05/2025,USD/BRL,"5,6262"
14/05/2025,USD/BRL,"5,61"
15/05/2025,USD/BRL,"5,6328"
16/05/2025,USD/BRL,"5,6925"
19/05/2025,USD/BRL,"5,6591"
20/05/2025,USD/BRL,"5,662"
21/05/2025,USD/BRL,"5,6571"
22/05/2025,USD/BRL,"5,639"
23/05/2025,USD/BRL,"5,6932"
26/05/2025,USD/BRL,"5,6619"
27/05/2025,USD/BRL,"5,6539"
28/05/2025,USD/BRL,"5,6936"
29/05/2025,USD/BRL,"5,6559"
30/05/2025,USD/BRL,"5,7087"
02/06/2025,USD/BRL,"5,6937"
03/06/2025,USD/BRL,"5,6694"
04/06/2025,USD/BRL,"5,6332"
05/06/2025,USD/BRL,"5,5969"
06/06/2025,USD/BRL,"5,5947"
09/06/2025,USD/BRL,"5,576"
10/06/2025,USD/BRL,"5,5557"
11/06/2025,USD/BRL,"5,539"
12/06/2025,USD/BRL,"5,5388"
13/06/2025,USD/BRL,"5,5652"
16/06/2025,USD/BRL,"5,5123"
17/06/2025,USD/BRL,"5,4773"
18/06/2025,USD/BRL,"5,4879"
20/06/2025,USD/BRL,"5,4957"
23/06/2025,USD/BRL,"5,5213"
24/06/2025,USD/BRL,"5,4938"
25/06/2025,USD/BRL,"5,5427"
26/06/2025,USD/BRL,"5,5145"
27/06/2025,USD/BRL,"5,4759"
30/06/2025,USD/BRL,"5,4571"
01/07/2025,USD/BRL,"5,4511"
02/07/2025,USD/BRL,"5,4512"
03/07/2025,USD/BRL,"5,4208"
04/07/2025,USD/BRL,"5,409"
07/07/2025,USD/BRL,"5,4552"
08/07/2025,USD/BRL,"5,4571"
09/07/2025,USD/BRL,"5,4626"
10/07/2025,USD/BRL,"5,5433"
11/07/2025,USD/BRL,"5,5722"
14/07/2025,USD/BRL,"5,5595"
15/07/2025,USD/BRL,"5,5576"
16/07/2025,USD/BRL,"5,5722"
17/07/2025,USD/BRL,"5,5737"
18/07/2025,USD/BRL,"5,5466"
21/07/2025,USD/BRL,"5,5625"
22/07/2025,USD/BRL,"5,5709"
23/07/2025,USD/BRL,"5,5537"
24/07/2025,USD/BRL,"5,5239"
25/07/2025,USD/BRL,"5,5426"
28/07/2025,USD/BRL,"5,5877"
29/07/2025,USD/BRL,"5,5764"
30/07/2025,USD/BRL,"5,6034"
31/07/2025,USD/BRL,"5,6021"
01/08/2025,USD/BRL,"5,5436"
04/08/2025,USD/BRL,"5,5113"
05/08/2025,USD/BRL,"5,5119"
06/08/2025,USD/BRL,"5,4802"
07/08/2025,USD/BRL,"5,4638"
08/08/2025,USD/BRL,"5,4254"
11/08/2025,USD/BRL,"5,4473"
12/08/2025,USD/BRL,"5,4052"
13/08/2025,USD/BRL,"5,3928"
14/08/2025,USD/BRL,"5,4095"
15/08/2025,USD/BRL,"5,3928"
18/08/2025,USD/BRL,"5,4155"
19/08/2025,USD/BRL,"5,4716"
20/08/2025,USD/BRL,"5,4726"
21/08/2025,USD/BRL,"5,4828"
22/08/2025,USD/BRL,"5,4392"
25/08/2025,USD/BRL,"5,4174"
26/08/2025,USD/BRL,"5,4218"
27/08/2025,USD/BRL,"5,4428"
28/08/2025,USD/BRL,"5,4115"
29/08/2025,USD/BRL,"5,4264"
01/09/2025,USD/BRL,"5,4378"
02/09/2025,USD/BRL,"5,468"
03/09/2025,USD/BRL,"5,4485"
04/09/2025,USD/BRL,"5,4587"
05/09/2025,USD/BRL,"5,3968"
08/09/2025,USD/BRL,"5,4278"
09/09/2025,USD/BRL,"5,4278"
10/09/2025,USD/BRL,"5,4123"
11/09/2025,USD/BRL,"5,3858"
12/09/2025,USD/BRL,"5,3677"
15/09/2025,USD/BRL,"5,3208"
16/09/2025,USD/BRL,"5,3096"
17/09/2025,USD/BRL,"5,3011"
18/09/2025,USD/BRL,"5,301"
19/09/2025,USD/BRL,"5,3276"
22/09/2025,USD/BRL,"5,3457"
23/09/2025,USD/BRL,"5,3063"
24/09/2025,USD/BRL,"5,3112"
25/09/2025,USD/BRL,"5,3425"
26/09/2025,USD/BRL,"5,3445"
29/09/2025,USD/BRL,"5,3229"
30/09/2025,USD/BRL,"5,3186"
01/10/2025,USD/BRL,"5,3208"
02/10/2025,USD/BRL,"5,3449"
03/10/2025,USD/BRL,"5,3498"
06/10/2025,USD/BRL,"5,3226"
07/10/2025,USD/BRL,"5,3363"
08/10/2025,USD/BRL,"5,3427"
09/10/2025,USD/BRL,"5,3538"
10/10/2025,USD/BRL,"5,4446"
13/10/2025,USD/BRL,"5,4629"
14/10/2025,USD/BRL,"5,4982"
15/10/2025,USD/BRL,"5,4464"
16/10/2025,USD/BRL,"5,4354"
17/10/2025,USD/BRL,"5,439"
20/10/2025,USD/BRL,"5,3771"
21/10/2025,USD/BRL,"5,3848"
22/10/2025,USD/BRL,"5,3898"
23/10/2025,USD/BRL,"5,384"
24/10/2025,USD/BRL,"5,3797"
27/10/2025,USD/BRL,"5,3744"
28/10/2025,USD/BRL,"5,369"
29/10/2025,USD/BRL,"5,3416"
30/10/2025,USD/BRL,"5,385"
31/10/2025,USD/BRL,"5,3843"
03/11/2025,USD/BRL,"5,3505"
04/11/2025,USD/BRL,"5,3846"
05/11/2025,USD/BRL,"5,3798"
06/11/2025,USD/BRL,"5,3451"
07/11/2025,USD/BRL,"5,3567"
10/11/2025,USD/BRL,"5,3181"
11/11/2025,USD/BRL,"5,2729"
12/11/2025,USD/BRL,"5,2885"
13/11/2025,USD/BRL,"5,282"
14/11/2025,USD/BRL,"5,2952"
17/11/2025,USD/BRL,"5,3108"
18/11/2025,USD/BRL,"5,3361"
19/11/2025,USD/BRL,"5,3346"
21/11/2025,USD/BRL,"5,3902"
24/11/2025,USD/BRL,"5,3948"
25/11/2025,USD/BRL,"5,3841"
26/11/2025,USD/BRL,"5,3694"
27/11/2025,USD/BRL,"5,349"
28/11/2025,USD/BRL,"5,3338"
01/12/2025,USD/BRL,"5,3469"
02/12/2025,USD/BRL,"5,3465"
03/12/2025,USD/BRL,"5,3114"
04/12/2025,USD/BRL,"5,2952"
05/12/2025,USD/BRL,"5,3405"
08/12/2025,USD/BRL,"5,4249"
09/12/2025,USD/BRL,"5,457"
10/12/2025,USD/BRL,"5,4656"
11/12/2025,USD/BRL,"5,4237"
12/12/2025,USD/BRL,"5,4011"
15/12/2025,USD/BRL,"5,3929"
16/12/2025,USD/BRL,"5,4505"
17/12/2025,USD/BRL,"5,5093"
18/12/2025,USD/BRL,"5,5283"
19/12/2025,USD/BRL,"5,516"
22/12/2025,USD/BRL,"5,5389"
23/12/2025,USD/BRL,"5,5643"
24/12/2025,USD/BRL,"5,535"
26/12/2025,USD/BRL,"5,5413"
29/12/2025,USD/BRL,"5,5739"
30/12/2025,USD/BRL,"5,5024"
31/12/2025,USD/BRL,"5,5024"
02/01/2026,USD/BRL,"5,4372"
05/01/2026,USD/BRL,"5,4351"
06/01/2026,USD/BRL,"5,3797"
07/01/2026,USD/BRL,"5,388"
08/01/2026,USD/BRL,"5,386"
09/01/2026,USD/BRL,"5,3707"
12/01/2026,USD/BRL,"5,376"
13/01/2026,USD/BRL,"5,3764"
14/01/2026,USD/BRL,"5,3795"
15/01/2026,USD/BRL,"5,3846"
16/01/2026,USD/BRL,"5,3798"
19/01/2026,USD/BRL,"5,3653"
20/01/2026,USD/BRL,"5,379"
21/01/2026,USD/BRL,"5,3368"
22/01/2026,USD/BRL,"5,3118"
23/01/2026,USD/BRL,"5,2879"
26/01/2026,USD/BRL,"5,276"
27/01/2026,USD/BRL,"5,2392"
28/01/2026,USD/BRL,"5,1838"
29/01/2026,USD/BRL,"5,1956"
30/01/2026,USD/BRL,"5,2301"
02/02/2026,USD/BRL,"5,2587"
03/02/2026,USD/BRL,"5,2236"
04/02/2026,USD/BRL,"5,2359"
05/02/2026,USD/BRL,"5,258"
06/02/2026,USD/BRL,"5,2341"
09/02/2026,USD/BRL,"5,1943"
10/02/2026,USD/BRL,"5,2021"
11/02/2026,USD/BRL,"5,1836"
12/02/2026,USD/BRL,"5,1674"
13/02/2026,USD/BRL,"5,2288"
18/02/2026,USD/BRL,"5,2349"
19/02/2026,USD/BRL,"5,2257"
20/02/2026,USD/BRL,"5,2006"
23/02/2026,USD/BRL,"5,1635"
24/02/2026,USD/BRL,"5,1682"
25/02/2026,USD/BRL,"5,144"
26/02/2026,USD/BRL,"5,1382"
27/02/2026,USD/BRL,"5,1495"
02/03/2026,USD/BRL,"5,2001"
03/03/2026,USD/BRL,"5,287"
04/03/2026,USD/BRL,"5,2091"
05/03/2026,USD/BRL,"5,2447"
06/03/2026,USD/BRL,"5,2878"
09/03/2026,USD/BRL,"5,2139"
10/03/2026,USD/BRL,"5,1622"
11/03/2026,USD/BRL,"5,1596"
12/03/2026,USD/BRL,"5,2051"
13/03/2026,USD/BRL,"5,2541"
16/03/2026,USD/BRL,"5,2647"
17/03/2026,USD/BRL,"5,2022"
18/03/2026,USD/BRL,"5,2112"
19/03/2026,USD/BRL,"5,2587"
20/03/2026,USD/BRL,"5,28"
23/03/2026,USD/BRL,"5,244"
24/03/2026,USD/BRL,"5,2599"
25/03/2026,USD/BRL,"5,2275"
26/03/2026,USD/BRL,"5,2308"
27/03/2026,USD/BRL,"5,2376"
30/03/2026,USD/BRL,"5,2353"
31/03/2026,USD/BRL,"5,2194"
01/04/2026,USD/BRL,"5,1606"
02/04/2026,USD/BRL,"5,1655"
06/04/2026,USD/BRL,"5,1532"
07/04/2026,USD/BRL,"5,1625"
08/04/2026,USD/BRL,"5,0899"
09/04/2026,USD/BRL,"5,0821"
10/04/2026,USD/BRL,"5,0229"
13/04/2026,USD/BRL,"5,0244"
14/04/2026,USD/BRL,"4,9806"
15/04/2026,USD/BRL,"4,9928"
16/04/2026,USD/BRL,"5,0007"
17/04/2026,USD/BRL,"4,9695"
20/04/2026,USD/BRL,"4,9844"
22/04/2026,USD/BRL,"4,9653"
01/01/2025,INPC,0
01/02/2025,INPC,"1,48"
01/03/2025,INPC,"0,51"
01/04/2025,INPC,"0,48"
01/05/2025,INPC,"0,35"
01/06/2025,INPC,"0,23"
01/07/2025,INPC,"0,21"
01/08/2025,INPC,"-0,21"
01/09/2025,INPC,"0,52"
01/10/2025,INPC,"0,03"
01/11/2025,INPC,"0,03"
01/12/2025,INPC,"0,21"
01/01/2026,INPC,"0,39"
01/02/2026,INPC,"0,56"
01/03/2026,INPC,"0,91"
01/01/2025,IPCA,"0,36"
01/02/2025,IPCA,"0,47"
01/03/2025,IPCA,"0,21"
01/04/2025,IPCA,"0,39"
01/05/2025,IPCA,"-0,17"
01/06/2025,IPCA,"0,15"
01/07/2025,IPCA,"-0,14"
01/08/2025,IPCA,"-0,25"
01/09/2025,IPCA,"-0,14"
01/10/2025,IPCA,"-0,42"
01/11/2025,IPCA,"-0,43"
01/12/2025,IPCA,"0,46"
01/01/2026,IPCA,"0,72"
01/02/2026,IPCA,"0,25"
01/03/2026,IPCA,"0,21"
01/04/2026,IPCA,"0,45"
01/05/2026,IPCA,"-0,08"
01/01/2025,IGP-M,"0,27"
01/02/2025,IGP-M,"1,06"
01/03/2025,IGP-M,"-0,34"
01/04/2025,IGP-M,"0,24"
01/05/2025,IGP-M,"-0,49"
01/06/2025,IGP-M,"-1,67"
01/07/2025,IGP-M,"-0,77"
01/08/2025,IGP-M,"0,36"
01/09/2025,IGP-M,"0,42"
01/10/2025,IGP-M,"-0,36"
01/11/2025,IGP-M,"0,27"
01/12/2025,IGP-M,"-0,01"
01/01/2026,IGP-M,"0,41"
01/02/2026,IGP-M,"-0,73"
01/03/2026,IGP-M,"0,52"
01/04/2026,IGP-M,"2,73"
01/05/2026,IGP-M,"0,84"
02/01/2025,USD/BRL,"6,2086"
03/01/2025,USD/BRL,"6,1563"
06/01/2025,USD/BRL,"6,1119"
07/01/2025,USD/BRL,"6,0741"
08/01/2025,USD/BRL,"6,1321"
09/01/2025,USD/BRL,"6,0896"
10/01/2025,USD/BRL,"6,0965"
13/01/2025,USD/BRL,"6,1079"
14/01/2025,USD/BRL,"6,0671"
15/01/2025,USD/BRL,"6,0377"
16/01/2025,USD/BRL,"6,0322"
17/01/2025,USD/BRL,"6,0609"
20/01/2025,USD/BRL,"6,0498"
21/01/2025,USD/BRL,"6,044"
22/01/2025,USD/BRL,"5,9674"
23/01/2025,USD/BRL,"5,9399"
24/01/2025,USD/BRL,"5,8925"
27/01/2025,USD/BRL,"5,9272"
28/01/2025,USD/BRL,"5,893"
29/01/2025,USD/BRL,"5,8596"
30/01/2025,USD/BRL,"5,9006"
31/01/2025,USD/BRL,"5,8301"
03/02/2025,USD/BRL,"5,8687"
04/02/2025,USD/BRL,"5,7927"
05/02/2025,USD/BRL,"5,7997"
06/02/2025,USD/BRL,"5,7856"
07/02/2025,USD/BRL,"5,7557"
10/02/2025,USD/BRL,"5,7808"
11/02/2025,USD/BRL,"5,7788"
12/02/2025,USD/BRL,"5,7711"
13/02/2025,USD/BRL,"5,7788"
14/02/2025,USD/BRL,"5,7283"
17/02/2025,USD/BRL,"5,7105"
18/02/2025,USD/BRL,"5,6979"
19/02/2025,USD/BRL,"5,7087"
20/02/2025,USD/BRL,"5,7019"
21/02/2025,USD/BRL,"5,7027"
24/02/2025,USD/BRL,"5,7258"
25/02/2025,USD/BRL,"5,7779"
26/02/2025,USD/BRL,"5,7757"
27/02/2025,USD/BRL,"5,8228"
28/02/2025,USD/BRL,"5,8488"
05/03/2025,USD/BRL,"5,7914"
06/03/2025,USD/BRL,"5,7489"
07/03/2025,USD/BRL,"5,7688"
10/03/2025,USD/BRL,"5,793"
11/03/2025,USD/BRL,"5,8346"
12/03/2025,USD/BRL,"5,8268"
13/03/2025,USD/BRL,"5,8131"
14/03/2025,USD/BRL,"5,7419"
17/03/2025,USD/BRL,"5,7082"
18/03/2025,USD/BRL,"5,6852"
19/03/2025,USD/BRL,"5,6657"
20/03/2025,USD/BRL,"5,6628"
21/03/2025,USD/BRL,"5,7241"
24/03/2025,USD/BRL,"5,7403"
25/03/2025,USD/BRL,"5,6992"
26/03/2025,USD/BRL,"5,7298"
27/03/2025,USD/BRL,"5,7474"
28/03/2025,USD/BRL,"5,766"
31/03/2025,USD/BRL,"5,7422"
01/04/2025,USD/BRL,"5,7051"
02/04/2025,USD/BRL,"5,6923"
03/04/2025,USD/BRL,"5,6067"
04/04/2025,USD/BRL,"5,7777"
07/04/2025,USD/BRL,"5,8877"
08/04/2025,USD/BRL,"5,9368"
09/04/2025,USD/BRL,"6,0605"
10/04/2025,USD/BRL,"5,9115"
11/04/2025,USD/BRL,"5,8737"
14/04/2025,USD/BRL,"5,8425"
15/04/2025,USD/BRL,"5,8707"
16/04/2025,USD/BRL,"5,8808"
17/04/2025,USD/BRL,"5,8559"
22/04/2025,USD/BRL,"5,7496"
23/04/2025,USD/BRL,"5,688"
24/04/2025,USD/BRL,"5,6738"
25/04/2025,USD/BRL,"5,6846"
28/04/2025,USD/BRL,"5,6681"
29/04/2025,USD/BRL,"5,6467"
30/04/2025,USD/BRL,"5,6608"
02/05/2025,USD/BRL,"5,6394"
05/05/2025,USD/BRL,"5,652"
06/05/2025,USD/BRL,"5,721"
07/05/2025,USD/BRL,"5,7375"
08/05/2025,USD/BRL,"5,686"
09/05/2025,USD/BRL,"5,6511"
12/05/2025,USD/BRL,"5,6822"
13/05/2025,USD/BRL,"5,6262"
14/05/2025,USD/BRL,"5,61"
15/05/2025,USD/BRL,"5,6328"
16/05/2025,USD/BRL,"5,6925"
19/05/2025,USD/BRL,"5,6591"
20/05/2025,USD/BRL,"5,662"
21/05/2025,USD/BRL,"5,6571"
22/05/2025,USD/BRL,"5,639"
23/05/2025,USD/BRL,"5,6932"
26/05/2025,USD/BRL,"5,6619"
27/05/2025,USD/BRL,"5,6539"
28/05/2025,USD/BRL,"5,6936"
29/05/2025,USD/BRL,"5,6559"
30/05/2025,USD/BRL,"5,7087"
02/06/2025,USD/BRL,"5,6937"
03/06/2025,USD/BRL,"5,6694"
04/06/2025,USD/BRL,"5,6332"
05/06/2025,USD/BRL,"5,5969"
06/06/2025,USD/BRL,"5,5947"
09/06/2025,USD/BRL,"5,576"
10/06/2025,USD/BRL,"5,5557"
11/06/2025,USD/BRL,"5,539"
12/06/2025,USD/BRL,"5,5388"
13/06/2025,USD/BRL,"5,5652"
16/06/2025,USD/BRL,"5,5123"
17/06/2025,USD/BRL,"5,4773"
18/06/2025,USD/BRL,"5,4879"
20/06/2025,USD/BRL,"5,4957"
23/06/2025,USD/BRL,"5,5213"
24/06/2025,USD/BRL,"5,4938"
25/06/2025,USD/BRL,"5,5427"
26/06/2025,USD/BRL,"5,5145"
27/06/2025,USD/BRL,"5,4759"
30/06/2025,USD/BRL,"5,4571"
01/07/2025,USD/BRL,"5,4511"
02/07/2025,USD/BRL,"5,4512"
03/07/2025,USD/BRL,"5,4208"
04/07/2025,USD/BRL,"5,409"
07/07/2025,USD/BRL,"5,4552"
08/07/2025,USD/BRL,"5,4571"
09/07/2025,USD/BRL,"5,4626"
10/07/2025,USD/BRL,"5,5433"
11/07/2025,USD/BRL,"5,5722"
14/07/2025,USD/BRL,"5,5595"
15/07/2025,USD/BRL,"5,5576"
16/07/2025,USD/BRL,"5,5722"
17/07/2025,USD/BRL,"5,5737"
18/07/2025,USD/BRL,"5,5466"
21/07/2025,USD/BRL,"5,5625"
22/07/2025,USD/BRL,"5,5709"
23/07/2025,USD/BRL,"5,5537"
24/07/2025,USD/BRL,"5,5239"
25/07/2025,USD/BRL,"5,5426"
28/07/2025,USD/BRL,"5,5877"
29/07/2025,USD/BRL,"5,5764"
30/07/2025,USD/BRL,"5,6034"
31/07/2025,USD/BRL,"5,6021"
01/08/2025,USD/BRL,"5,5436"
04/08/2025,USD/BRL,"5,5113"
05/08/2025,USD/BRL,"5,5119"
06/08/2025,USD/BRL,"5,4802"
07/08/2025,USD/BRL,"5,4638"
08/08/2025,USD/BRL,"5,4254"
11/08/2025,USD/BRL,"5,4473"
12/08/2025,USD/BRL,"5,4052"
13/08/2025,USD/BRL,"5,3928"
14/08/2025,USD/BRL,"5,4095"
15/08/2025,USD/BRL,"5,3928"
18/08/2025,USD/BRL,"5,4155"
19/08/2025,USD/BRL,"5,4716"
20/08/2025,USD/BRL,"5,4726"
21/08/2025,USD/BRL,"5,4828"
22/08/2025,USD/BRL,"5,4392"
25/08/2025,USD/BRL,"5,4174"
26/08/2025,USD/BRL,"5,4218"
27/08/2025,USD/BRL,"5,4428"
28/08/2025,USD/BRL,"5,4115"
29/08/2025,USD/BRL,"5,4264"
01/09/2025,USD/BRL,"5,4378"
02/09/2025,USD/BRL,"5,468"
03/09/2025,USD/BRL,"5,4485"
04/09/2025,USD/BRL,"5,4587"
05/09/2025,USD/BRL,"5,3968"
08/09/2025,USD/BRL,"5,4278"
09/09/2025,USD/BRL,"5,4278"
10/09/2025,USD/BRL,"5,4123"
11/09/2025,USD/BRL,"5,3858"
12/09/2025,USD/BRL,"5,3677"
15/09/2025,USD/BRL,"5,3208"
16/09/2025,USD/BRL,"5,3096"
17/09/2025,USD/BRL,"5,3011"
18/09/2025,USD/BRL,"5,301"
19/09/2025,USD/BRL,"5,3276"
22/09/2025,USD/BRL,"5,3457"
23/09/2025,USD/BRL,"5,3063"
24/09/2025,USD/BRL,"5,3112"
25/09/2025,USD/BRL,"5,3425"
26/09/2025,USD/BRL,"5,3445"
29/09/2025,USD/BRL,"5,3229"
30/09/2025,USD/BRL,"5,3186"
01/10/2025,USD/BRL,"5,3208"
02/10/2025,USD/BRL,"5,3449"
03/10/2025,USD/BRL,"5,3498"
06/10/2025,USD/BRL,"5,3226"
07/10/2025,USD/BRL,"5,3363"
08/10/2025,USD/BRL,"5,3427"
09/10/2025,USD/BRL,"5,3538"
10/10/2025,USD/BRL,"5,4446"
13/10/2025,USD/BRL,"5,4629"
14/10/2025,USD/BRL,"5,4982"
15/10/2025,USD/BRL,"5,4464"
16/10/2025,USD/BRL,"5,4354"
17/10/2025,USD/BRL,"5,439"
20/10/2025,USD/BRL,"5,3771"
21/10/2025,USD/BRL,"5,3848"
22/10/2025,USD/BRL,"5,3898"
23/10/2025,USD/BRL,"5,384"
24/10/2025,USD/BRL,"5,3797"
27/10/2025,USD/BRL,"5,3744"
28/10/2025,USD/BRL,"5,369"
29/10/2025,USD/BRL,"5,3416"
30/10/2025,USD/BRL,"5,385"
31/10/2025,USD/BRL,"5,3843"
03/11/2025,USD/BRL,"5,3505"
04/11/2025,USD/BRL,"5,3846"
05/11/2025,USD/BRL,"5,3798"
06/11/2025,USD/BRL,"5,3451"
07/11/2025,USD/BRL,"5,3567"
10/11/2025,USD/BRL,"5,3181"
11/11/2025,USD/BRL,"5,2729"
12/11/2025,USD/BRL,"5,2885"
13/11/2025,USD/BRL,"5,282"
14/11/2025,USD/BRL,"5,2952"
17/11/2025,USD/BRL,"5,3108"
18/11/2025,USD/BRL,"5,3361"
19/11/2025,USD/BRL,"5,3346"
21/11/2025,USD/BRL,"5,3902"
24/11/2025,USD/BRL,"5,3948"
25/11/2025,USD/BRL,"5,3841"
26/11/2025,USD/BRL,"5,3694"
27/11/2025,USD/BRL,"5,349"
28/11/2025,USD/BRL,"5,3338"
01/12/2025,USD/BRL,"5,3469"
02/12/2025,USD/BRL,"5,3465"
03/12/2025,USD/BRL,"5,3114"
04/12/2025,USD/BRL,"5,2952"
05/12/2025,USD/BRL,"5,3405"
08/12/2025,USD/BRL,"5,4249"
09/12/2025,USD/BRL,"5,457"
10/12/2025,USD/BRL,"5,4656"
11/12/2025,USD/BRL,"5,4237"
12/12/2025,USD/BRL,"5,4011"
15/12/2025,USD/BRL,"5,3929"
16/12/2025,USD/BRL,"5,4505"
17/12/2025,USD/BRL,"5,5093"
18/12/2025,USD/BRL,"5,5283"
19/12/2025,USD/BRL,"5,516"
22/12/2025,USD/BRL,"5,5389"
23/12/2025,USD/BRL,"5,5643"
24/12/2025,USD/BRL,"5,535"
26/12/2025,USD/BRL,"5,5413"
29/12/2025,USD/BRL,"5,5739"
30/12/2025,USD/BRL,"5,5024"
31/12/2025,USD/BRL,"5,5024"
02/01/2026,USD/BRL,"5,4372"
05/01/2026,USD/BRL,"5,4351"
06/01/2026,USD/BRL,"5,3797"
07/01/2026,USD/BRL,"5,388"
08/01/2026,USD/BRL,"5,386"
09/01/2026,USD/BRL,"5,3707"
12/01/2026,USD/BRL,"5,376"
13/01/2026,USD/BRL,"5,3764"
14/01/2026,USD/BRL,"5,3795"
15/01/2026,USD/BRL,"5,3846"
16/01/2026,USD/BRL,"5,3798"
19/01/2026,USD/BRL,"5,3653"
20/01/2026,USD/BRL,"5,379"
21/01/2026,USD/BRL,"5,3368"
22/01/2026,USD/BRL,"5,3118"
23/01/2026,USD/BRL,"5,2879"
26/01/2026,USD/BRL,"5,276"
27/01/2026,USD/BRL,"5,2392"
28/01/2026,USD/BRL,"5,1838"
29/01/2026,USD/BRL,"5,1956"
30/01/2026,USD/BRL,"5,2301"
02/02/2026,USD/BRL,"5,2587"
03/02/2026,USD/BRL,"5,2236"
04/02/2026,USD/BRL,"5,2359"
05/02/2026,USD/BRL,"5,258"
06/02/2026,USD/BRL,"5,2341"
09/02/2026,USD/BRL,"5,1943"
10/02/2026,USD/BRL,"5,2021"
11/02/2026,USD/BRL,"5,1836"
12/02/2026,USD/BRL,"5,1674"
13/02/2026,USD/BRL,"5,2288"
18/02/2026,USD/BRL,"5,2349"
19/02/2026,USD/BRL,"5,2257"
20/02/2026,USD/BRL,"5,2006"
23/02/2026,USD/BRL,"5,1635"
24/02/2026,USD/BRL,"5,1682"
25/02/2026,USD/BRL,"5,144"
26/02/2026,USD/BRL,"5,1382"
27/02/2026,USD/BRL,"5,1495"
02/03/2026,USD/BRL,"5,2001"
03/03/2026,USD/BRL,"5,287"
04/03/2026,USD/BRL,"5,2091"
05/03/2026,USD/BRL,"5,2447"
06/03/2026,USD/BRL,"5,2878"
09/03/2026,USD/BRL,"5,2139"
10/03/2026,USD/BRL,"5,1622"
11/03/2026,USD/BRL,"5,1596"
12/03/2026,USD/BRL,"5,2051"
13/03/2026,USD/BRL,"5,2541"
16/03/2026,USD/BRL,"5,2647"
17/03/2026,USD/BRL,"5,2022"
18/03/2026,USD/BRL,"5,2112"
19/03/2026,USD/BRL,"5,2587"
20/03/2026,USD/BRL,"5,28"
23/03/2026,USD/BRL,"5,244"
24/03/2026,USD/BRL,"5,2599"
25/03/2026,USD/BRL,"5,2275"
26/03/2026,USD/BRL,"5,2308"
27/03/2026,USD/BRL,"5,2376"
30/03/2026,USD/BRL,"5,2353"
31/03/2026,USD/BRL,"5,2194"
01/04/2026,USD/BRL,"5,1606"
02/04/2026,USD/BRL,"5,1655"
06/04/2026,USD/BRL,"5,1532"
07/04/2026,USD/BRL,"5,1625"
08/04/2026,USD/BRL,"5,0899"
09/04/2026,USD/BRL,"5,0821"
10/04/2026,USD/BRL,"5,0229"
13/04/2026,USD/BRL,"5,0244"
14/04/2026,USD/BRL,"4,9806"
15/04/2026,USD/BRL,"4,9928"
16/04/2026,USD/BRL,"5,0007"
17/04/2026,USD/BRL,"4,9695"
20/04/2026,USD/BRL,"4,9844"
22/04/2026,USD/BRL,"4,9653"
23/04/2026,USD/BRL,"4,9539"
24/04/2026,USD/BRL,"5,0083"
27/04/2026,USD/BRL,"4,97"
28/04/2026,USD/BRL,"4,9878"
29/04/2026,USD/BRL,"4,9985"
30/04/2026,USD/BRL,"4,9886"
04/05/2026,USD/BRL,"4,9587"
05/05/2026,USD/BRL,"4,9242"
06/05/2026,USD/BRL,"4,9274"
07/05/2026,USD/BRL,"4,917"
08/05/2026,USD/BRL,"4,8999"
11/05/2026,USD/BRL,"4,8973"
12/05/2026,USD/BRL,"4,8977"
13/05/2026,USD/BRL,"4,9118"
14/05/2026,USD/BRL,"4,9809"
15/05/2026,USD/BRL,"5,0654"
18/05/2026,USD/BRL,"5,0093"
19/05/2026,USD/BRL,"5,0378"
20/05/2026,USD/BRL,"5,0301"
21/05/2026,USD/BRL,"5,0077"
22/05/2026,USD/BRL,"5,014"
25/05/2026,USD/BRL,"5,0072"
26/05/2026,USD/BRL,"5,0211"
27/05/2026,USD/BRL,"5,0579"
28/05/2026,USD/BRL,"5,0517"
29/05/2026,USD/BRL,"5,0569"
01/06/2026,USD/BRL,"5,0303"
02/06/2026,USD/BRL,"5,016"
03/06/2026,USD/BRL,"5,0415"
05/06/2026,USD/BRL,"5,1244"
08/06/2026,USD/BRL,"5,1695"
09/06/2026,USD/BRL,"5,1693"
10/06/2026,USD/BRL,"5,1763"
11/06/2026,USD/BRL,"5,1478"
12/06/2026,USD/BRL,"5,0827"
15/06/2026,USD/BRL,"5,043"
16/06/2026,USD/BRL,"5,078"
01/01/2025,INPC,0
01/02/2025,INPC,"1,48"
01/03/2025,INPC,"0,51"
01/04/2025,INPC,"0,48"
01/05/2025,INPC,"0,35"
01/06/2025,INPC,"0,23"
01/07/2025,INPC,"0,21"
01/08/2025,INPC,"-0,21"
01/09/2025,INPC,"0,52"
01/10/2025,INPC,"0,03"
01/11/2025,INPC,"0,03"
01/12/2025,INPC,"0,21"
01/01/2026,INPC,"0,39"
01/02/2026,INPC,"0,56"
01/03/2026,INPC,"0,91"
01/04/2026,INPC,"0,81"
01/05/2026,INPC,"0,65"